<?xml version="1.0" encoding="ISO-8859-1"?>

<!DOCTYPE log4j:configuration SYSTEM "log4j.dtd">

<!--log4j:configuration xmlns:log4j='http://jakarta.apache.org/log4j/'-->
<log4j:configuration>

	<appender name="appender1" class="org.apache.log4j.ConsoleAppender">
		<param name="Threshold" value="DEBUG"/>
		<layout class="org.apache.log4j.PatternLayout">
			<param name="ConversionPattern" value="[%c] %p: %m%n"/>
		</layout>
	</appender>

	<category name="jmx">
		<priority value="DEBUG"/>
		<appender-ref ref="appender1"/>
	</category>

	<category name="jmx.mbeanserver.factory">
		<priority value="WARN"/>
	</category>
</log4j:configuration>
